{
  "parent": "minecraft:recipes/root",
  "rewards": {
    "recipes": [
      "skyblock:deepslate_copper_ore"
    ]
  },
  "criteria": {
    "has_copper": {
      "trigger": "minecraft:inventory_changed",
      "conditions": {
        "items": [
          {
            "items": [
              "minecraft:copper_block"
            ]
          }
        ]
      }
    },
    "has_the_recipe": {
      "trigger": "minecraft:recipe_unlocked",
      "conditions": {
        "recipe": "skyblock:deepslate_copper_ore"
      }
    }
  },
  "requirements": [
    [
      "has_copper",
      "has_the_recipe"
    ]
  ],
  "sends_telemetry_event": false
}
