{
  "parent": "skyblock:challenges/root",
  "rewards": {
    "function": "skyblock:advancement_rewards/eye_armor_trim_smithing_template"
  },
  "display": {
    "icon": {
      "item": "minecraft:torch"
    },
    "title": {
      "translate": "Let There Be Light"
    },
    "description": {
      "translate": "Obtain Every Light Source"
    },
    "frame": "challenge"
  },
  "criteria": {
    "beacon": {
      "trigger": "minecraft:inventory_changed",
      "conditions": {
        "items": [
          {
            "items": [
              "minecraft:beacon"
            ]
          }
        ]
      }
    },
    "conduit": {
      "trigger": "minecraft:inventory_changed",
      "conditions": {
        "items": [
          {
            "items": [
              "minecraft:conduit"
            ]
          }
        ]
      }
    },
    "sea_pickle": {
      "trigger": "minecraft:inventory_changed",
      "conditions": {
        "items": [
          {
            "items": [
              "minecraft:sea_pickle"
            ]
          }
        ]
      }
    },
    "ochre_froglight": {
      "trigger": "minecraft:inventory_changed",
      "conditions": {
        "items": [
          {
            "items": [
              "minecraft:ochre_froglight"
            ]
          }
        ]
      }
    },
    "verdant_froglight": {
      "trigger": "minecraft:inventory_changed",
      "conditions": {
        "items": [
          {
            "items": [
              "minecraft:verdant_froglight"
            ]
          }
        ]
      }
    },
    "pearlescent_froglight": {
      "trigger": "minecraft:inventory_changed",
      "conditions": {
        "items": [
          {
            "items": [
              "minecraft:pearlescent_froglight"
            ]
          }
        ]
      }
    },
    "glowstone": {
      "trigger": "minecraft:inventory_changed",
      "conditions": {
        "items": [
          {
            "items": [
              "minecraft:glowstone"
            ]
          }
        ]
      }
    },
    "jack_o_lantern": {
      "trigger": "minecraft:inventory_changed",
      "conditions": {
        "items": [
          {
            "items": [
              "minecraft:jack_o_lantern"
            ]
          }
        ]
      }
    },
    "lantern": {
      "trigger": "minecraft:inventory_changed",
      "conditions": {
        "items": [
          {
            "items": [
              "minecraft:lantern"
            ]
          }
        ]
      }
    },
    "lava_bucket": {
      "trigger": "minecraft:inventory_changed",
      "conditions": {
        "items": [
          {
            "items": [
              "minecraft:lava_bucket"
            ]
          }
        ]
      }
    },
    "campfire": {
      "trigger": "minecraft:inventory_changed",
      "conditions": {
        "items": [
          {
            "items": [
              "minecraft:campfire"
            ]
          }
        ]
      }
    },
    "redstone_lamp": {
      "trigger": "minecraft:inventory_changed",
      "conditions": {
        "items": [
          {
            "items": [
              "minecraft:redstone_lamp"
            ]
          }
        ]
      }
    },
    "respawn_anchor": {
      "trigger": "minecraft:inventory_changed",
      "conditions": {
        "items": [
          {
            "items": [
              "minecraft:respawn_anchor"
            ]
          }
        ]
      }
    },
    "sea_lantern": {
      "trigger": "minecraft:inventory_changed",
      "conditions": {
        "items": [
          {
            "items": [
              "minecraft:sea_lantern"
            ]
          }
        ]
      }
    },
    "shroomlight": {
      "trigger": "minecraft:inventory_changed",
      "conditions": {
        "items": [
          {
            "items": [
              "minecraft:shroomlight"
            ]
          }
        ]
      }
    },
    "glow_berries": {
      "trigger": "minecraft:inventory_changed",
      "conditions": {
        "items": [
          {
            "items": [
              "minecraft:glow_berries"
            ]
          }
        ]
      }
    },
    "end_rod": {
      "trigger": "minecraft:inventory_changed",
      "conditions": {
        "items": [
          {
            "items": [
              "minecraft:end_rod"
            ]
          }
        ]
      }
    },
    "torch": {
      "trigger": "minecraft:inventory_changed",
      "conditions": {
        "items": [
          {
            "items": [
              "minecraft:torch"
            ]
          }
        ]
      }
    },
    "furnace": {
      "trigger": "minecraft:inventory_changed",
      "conditions": {
        "items": [
          {
            "items": [
              "minecraft:furnace"
            ]
          }
        ]
      }
    },
    "blast_furnace": {
      "trigger": "minecraft:inventory_changed",
      "conditions": {
        "items": [
          {
            "items": [
              "minecraft:blast_furnace"
            ]
          }
        ]
      }
    },
    "smoker": {
      "trigger": "minecraft:inventory_changed",
      "conditions": {
        "items": [
          {
            "items": [
              "minecraft:smoker"
            ]
          }
        ]
      }
    },
    "candle": {
      "trigger": "minecraft:inventory_changed",
      "conditions": {
        "items": [
          {
            "items": [
              "minecraft:candle"
            ]
          }
        ]
      }
    },
    "white_candle": {
      "trigger": "minecraft:inventory_changed",
      "conditions": {
        "items": [
          {
            "items": [
              "minecraft:white_candle"
            ]
          }
        ]
      }
    },
    "light_gray_candle": {
      "trigger": "minecraft:inventory_changed",
      "conditions": {
        "items": [
          {
            "items": [
              "minecraft:light_gray_candle"
            ]
          }
        ]
      }
    },
    "gray_candle": {
      "trigger": "minecraft:inventory_changed",
      "conditions": {
        "items": [
          {
            "items": [
              "minecraft:gray_candle"
            ]
          }
        ]
      }
    },
    "black_candle": {
      "trigger": "minecraft:inventory_changed",
      "conditions": {
        "items": [
          {
            "items": [
              "minecraft:black_candle"
            ]
          }
        ]
      }
    },
    "brown_candle": {
      "trigger": "minecraft:inventory_changed",
      "conditions": {
        "items": [
          {
            "items": [
              "minecraft:brown_candle"
            ]
          }
        ]
      }
    },
    "red_candle": {
      "trigger": "minecraft:inventory_changed",
      "conditions": {
        "items": [
          {
            "items": [
              "minecraft:red_candle"
            ]
          }
        ]
      }
    },
    "orange_candle": {
      "trigger": "minecraft:inventory_changed",
      "conditions": {
        "items": [
          {
            "items": [
              "minecraft:orange_candle"
            ]
          }
        ]
      }
    },
    "yellow_candle": {
      "trigger": "minecraft:inventory_changed",
      "conditions": {
        "items": [
          {
            "items": [
              "minecraft:yellow_candle"
            ]
          }
        ]
      }
    },
    "lime_candle": {
      "trigger": "minecraft:inventory_changed",
      "conditions": {
        "items": [
          {
            "items": [
              "minecraft:lime_candle"
            ]
          }
        ]
      }
    },
    "green_candle": {
      "trigger": "minecraft:inventory_changed",
      "conditions": {
        "items": [
          {
            "items": [
              "minecraft:green_candle"
            ]
          }
        ]
      }
    },
    "cyan_candle": {
      "trigger": "minecraft:inventory_changed",
      "conditions": {
        "items": [
          {
            "items": [
              "minecraft:cyan_candle"
            ]
          }
        ]
      }
    },
    "light_blue_candle": {
      "trigger": "minecraft:inventory_changed",
      "conditions": {
        "items": [
          {
            "items": [
              "minecraft:light_blue_candle"
            ]
          }
        ]
      }
    },
    "blue_candle": {
      "trigger": "minecraft:inventory_changed",
      "conditions": {
        "items": [
          {
            "items": [
              "minecraft:blue_candle"
            ]
          }
        ]
      }
    },
    "purple_candle": {
      "trigger": "minecraft:inventory_changed",
      "conditions": {
        "items": [
          {
            "items": [
              "minecraft:purple_candle"
            ]
          }
        ]
      }
    },
    "magenta_candle": {
      "trigger": "minecraft:inventory_changed",
      "conditions": {
        "items": [
          {
            "items": [
              "minecraft:magenta_candle"
            ]
          }
        ]
      }
    },
    "pink_candle": {
      "trigger": "minecraft:inventory_changed",
      "conditions": {
        "items": [
          {
            "items": [
              "minecraft:pink_candle"
            ]
          }
        ]
      }
    },
    "crying_obsidian": {
      "trigger": "minecraft:inventory_changed",
      "conditions": {
        "items": [
          {
            "items": [
              "minecraft:crying_obsidian"
            ]
          }
        ]
      }
    },
    "soul_campfire": {
      "trigger": "minecraft:inventory_changed",
      "conditions": {
        "items": [
          {
            "items": [
              "minecraft:soul_campfire"
            ]
          }
        ]
      }
    },
    "soul_lantern": {
      "trigger": "minecraft:inventory_changed",
      "conditions": {
        "items": [
          {
            "items": [
              "minecraft:soul_lantern"
            ]
          }
        ]
      }
    },
    "soul_torch": {
      "trigger": "minecraft:inventory_changed",
      "conditions": {
        "items": [
          {
            "items": [
              "minecraft:soul_torch"
            ]
          }
        ]
      }
    },
    "deepslate_redstone_ore": {
      "trigger": "minecraft:inventory_changed",
      "conditions": {
        "items": [
          {
            "items": [
              "minecraft:deepslate_redstone_ore"
            ]
          }
        ]
      }
    },
    "redstone_ore": {
      "trigger": "minecraft:inventory_changed",
      "conditions": {
        "items": [
          {
            "items": [
              "minecraft:redstone_ore"
            ]
          }
        ]
      }
    },
    "enchanting_table": {
      "trigger": "minecraft:inventory_changed",
      "conditions": {
        "items": [
          {
            "items": [
              "minecraft:enchanting_table"
            ]
          }
        ]
      }
    },
    "ender_chest": {
      "trigger": "minecraft:inventory_changed",
      "conditions": {
        "items": [
          {
            "items": [
              "minecraft:ender_chest"
            ]
          }
        ]
      }
    },
    "glow_lichen": {
      "trigger": "minecraft:inventory_changed",
      "conditions": {
        "items": [
          {
            "items": [
              "minecraft:glow_lichen"
            ]
          }
        ]
      }
    },
    "redstone_torch": {
      "trigger": "minecraft:inventory_changed",
      "conditions": {
        "items": [
          {
            "items": [
              "minecraft:redstone_torch"
            ]
          }
        ]
      }
    },
    "sculk_catalyst": {
      "trigger": "minecraft:inventory_changed",
      "conditions": {
        "items": [
          {
            "items": [
              "minecraft:sculk_catalyst"
            ]
          }
        ]
      }
    },
    "amethyst_cluster": {
      "trigger": "minecraft:inventory_changed",
      "conditions": {
        "items": [
          {
            "items": [
              "minecraft:amethyst_cluster"
            ]
          }
        ]
      }
    },
    "large_amethyst_bud": {
      "trigger": "minecraft:inventory_changed",
      "conditions": {
        "items": [
          {
            "items": [
              "minecraft:large_amethyst_bud"
            ]
          }
        ]
      }
    },
    "magma_block": {
      "trigger": "minecraft:inventory_changed",
      "conditions": {
        "items": [
          {
            "items": [
              "minecraft:magma_block"
            ]
          }
        ]
      }
    },
    "medium_amethyst_bud": {
      "trigger": "minecraft:inventory_changed",
      "conditions": {
        "items": [
          {
            "items": [
              "minecraft:medium_amethyst_bud"
            ]
          }
        ]
      }
    },
    "brewing_stand": {
      "trigger": "minecraft:inventory_changed",
      "conditions": {
        "items": [
          {
            "items": [
              "minecraft:brewing_stand"
            ]
          }
        ]
      }
    },
    "brown_mushroom": {
      "trigger": "minecraft:inventory_changed",
      "conditions": {
        "items": [
          {
            "items": [
              "minecraft:brown_mushroom"
            ]
          }
        ]
      }
    },
    "dragon_egg": {
      "trigger": "minecraft:inventory_changed",
      "conditions": {
        "items": [
          {
            "items": [
              "minecraft:dragon_egg"
            ]
          }
        ]
      }
    },
    "sculk_sensor": {
      "trigger": "minecraft:inventory_changed",
      "conditions": {
        "items": [
          {
            "items": [
              "minecraft:sculk_sensor"
            ]
          }
        ]
      }
    },
    "calibrated_sculk_sensor": {
      "trigger": "minecraft:inventory_changed",
      "conditions": {
        "items": [
          {
            "items": [
              "minecraft:calibrated_sculk_sensor"
            ]
          }
        ]
      }
    },
    "small_amethyst_bud": {
      "trigger": "minecraft:inventory_changed",
      "conditions": {
        "items": [
          {
            "items": [
              "minecraft:small_amethyst_bud"
            ]
          }
        ]
      }
    }
  }
}
