{
  "parent": "skyblock:challenges/root",
  "rewards": {
    "function": "skyblock:advancement_rewards/silence_armor_trim_smithing_template"
  },
  "display": {
    "icon": {
      "item": "minecraft:jukebox"
    },
    "title": {
      "translate": "Air Tunes"
    },
    "description": {
      "translate": "Play every Music Disc"
    },
    "frame": "challenge"
  },
  "criteria": {
    "play_13": {
      "trigger": "minecraft:item_used_on_block",
      "conditions": {
        "location": [
          {
            "condition": "minecraft:location_check",
            "predicate": {
              "block": {
                "blocks": [
                  "minecraft:jukebox"
                ],
                "state": {
                  "has_record": "true"
                }
              }
            }
          },
          {
            "condition": "minecraft:match_tool",
            "predicate": {
              "items": [
                "minecraft:music_disc_13"
              ]
            }
          }
        ]
      }
    },
    "play_cat": {
      "trigger": "minecraft:item_used_on_block",
      "conditions": {
        "location": [
          {
            "condition": "minecraft:location_check",
            "predicate": {
              "block": {
                "blocks": [
                  "minecraft:jukebox"
                ],
                "state": {
                  "has_record": "true"
                }
              }
            }
          },
          {
            "condition": "minecraft:match_tool",
            "predicate": {
              "items": [
                "minecraft:music_disc_cat"
              ]
            }
          }
        ]
      }
    },
    "play_blocks": {
      "trigger": "minecraft:item_used_on_block",
      "conditions": {
        "location": [
          {
            "condition": "minecraft:location_check",
            "predicate": {
              "block": {
                "blocks": [
                  "minecraft:jukebox"
                ],
                "state": {
                  "has_record": "true"
                }
              }
            }
          },
          {
            "condition": "minecraft:match_tool",
            "predicate": {
              "items": [
                "minecraft:music_disc_blocks"
              ]
            }
          }
        ]
      }
    },
    "play_chirp": {
      "trigger": "minecraft:item_used_on_block",
      "conditions": {
        "location": [
          {
            "condition": "minecraft:location_check",
            "predicate": {
              "block": {
                "blocks": [
                  "minecraft:jukebox"
                ],
                "state": {
                  "has_record": "true"
                }
              }
            }
          },
          {
            "condition": "minecraft:match_tool",
            "predicate": {
              "items": [
                "minecraft:music_disc_chirp"
              ]
            }
          }
        ]
      }
    },
    "play_far": {
      "trigger": "minecraft:item_used_on_block",
      "conditions": {
        "location": [
          {
            "condition": "minecraft:location_check",
            "predicate": {
              "block": {
                "blocks": [
                  "minecraft:jukebox"
                ],
                "state": {
                  "has_record": "true"
                }
              }
            }
          },
          {
            "condition": "minecraft:match_tool",
            "predicate": {
              "items": [
                "minecraft:music_disc_far"
              ]
            }
          }
        ]
      }
    },
    "play_mall": {
      "trigger": "minecraft:item_used_on_block",
      "conditions": {
        "location": [
          {
            "condition": "minecraft:location_check",
            "predicate": {
              "block": {
                "blocks": [
                  "minecraft:jukebox"
                ],
                "state": {
                  "has_record": "true"
                }
              }
            }
          },
          {
            "condition": "minecraft:match_tool",
            "predicate": {
              "items": [
                "minecraft:music_disc_mall"
              ]
            }
          }
        ]
      }
    },
    "play_mellohi": {
      "trigger": "minecraft:item_used_on_block",
      "conditions": {
        "location": [
          {
            "condition": "minecraft:location_check",
            "predicate": {
              "block": {
                "blocks": [
                  "minecraft:jukebox"
                ],
                "state": {
                  "has_record": "true"
                }
              }
            }
          },
          {
            "condition": "minecraft:match_tool",
            "predicate": {
              "items": [
                "minecraft:music_disc_mellohi"
              ]
            }
          }
        ]
      }
    },
    "play_stal": {
      "trigger": "minecraft:item_used_on_block",
      "conditions": {
        "location": [
          {
            "condition": "minecraft:location_check",
            "predicate": {
              "block": {
                "blocks": [
                  "minecraft:jukebox"
                ],
                "state": {
                  "has_record": "true"
                }
              }
            }
          },
          {
            "condition": "minecraft:match_tool",
            "predicate": {
              "items": [
                "minecraft:music_disc_stal"
              ]
            }
          }
        ]
      }
    },
    "play_strad": {
      "trigger": "minecraft:item_used_on_block",
      "conditions": {
        "location": [
          {
            "condition": "minecraft:location_check",
            "predicate": {
              "block": {
                "blocks": [
                  "minecraft:jukebox"
                ],
                "state": {
                  "has_record": "true"
                }
              }
            }
          },
          {
            "condition": "minecraft:match_tool",
            "predicate": {
              "items": [
                "minecraft:music_disc_strad"
              ]
            }
          }
        ]
      }
    },
    "play_ward": {
      "trigger": "minecraft:item_used_on_block",
      "conditions": {
        "location": [
          {
            "condition": "minecraft:location_check",
            "predicate": {
              "block": {
                "blocks": [
                  "minecraft:jukebox"
                ],
                "state": {
                  "has_record": "true"
                }
              }
            }
          },
          {
            "condition": "minecraft:match_tool",
            "predicate": {
              "items": [
                "minecraft:music_disc_ward"
              ]
            }
          }
        ]
      }
    },
    "play_11": {
      "trigger": "minecraft:item_used_on_block",
      "conditions": {
        "location": [
          {
            "condition": "minecraft:location_check",
            "predicate": {
              "block": {
                "blocks": [
                  "minecraft:jukebox"
                ],
                "state": {
                  "has_record": "true"
                }
              }
            }
          },
          {
            "condition": "minecraft:match_tool",
            "predicate": {
              "items": [
                "minecraft:music_disc_11"
              ]
            }
          }
        ]
      }
    },
    "play_wait": {
      "trigger": "minecraft:item_used_on_block",
      "conditions": {
        "location": [
          {
            "condition": "minecraft:location_check",
            "predicate": {
              "block": {
                "blocks": [
                  "minecraft:jukebox"
                ],
                "state": {
                  "has_record": "true"
                }
              }
            }
          },
          {
            "condition": "minecraft:match_tool",
            "predicate": {
              "items": [
                "minecraft:music_disc_wait"
              ]
            }
          }
        ]
      }
    },
    "play_otherside": {
      "trigger": "minecraft:item_used_on_block",
      "conditions": {
        "location": [
          {
            "condition": "minecraft:location_check",
            "predicate": {
              "block": {
                "blocks": [
                  "minecraft:jukebox"
                ],
                "state": {
                  "has_record": "true"
                }
              }
            }
          },
          {
            "condition": "minecraft:match_tool",
            "predicate": {
              "items": [
                "minecraft:music_disc_otherside"
              ]
            }
          }
        ]
      }
    },
    "play_5": {
      "trigger": "minecraft:item_used_on_block",
      "conditions": {
        "location": [
          {
            "condition": "minecraft:location_check",
            "predicate": {
              "block": {
                "blocks": [
                  "minecraft:jukebox"
                ],
                "state": {
                  "has_record": "true"
                }
              }
            }
          },
          {
            "condition": "minecraft:match_tool",
            "predicate": {
              "items": [
                "minecraft:music_disc_5"
              ]
            }
          }
        ]
      }
    },
    "play_pigstep": {
      "trigger": "minecraft:item_used_on_block",
      "conditions": {
        "location": [
          {
            "condition": "minecraft:location_check",
            "predicate": {
              "block": {
                "blocks": [
                  "minecraft:jukebox"
                ],
                "state": {
                  "has_record": "true"
                }
              }
            }
          },
          {
            "condition": "minecraft:match_tool",
            "predicate": {
              "items": [
                "minecraft:music_disc_pigstep"
              ]
            }
          }
        ]
      }
    },
    "play_relic": {
      "trigger": "minecraft:item_used_on_block",
      "conditions": {
        "location": [
          {
            "condition": "minecraft:location_check",
            "predicate": {
              "block": {
                "blocks": [
                  "minecraft:jukebox"
                ],
                "state": {
                  "has_record": "true"
                }
              }
            }
          },
          {
            "condition": "minecraft:match_tool",
            "predicate": {
              "items": [
                "minecraft:music_disc_relic"
              ]
            }
          }
        ]
      }
    }
  }
}
