{
  "type": "minecraft:barter",
  "pools": [
    {
      "rolls": 1,
      "entries": [
        {
          "type": "minecraft:item",
          "functions": [
            {
              "function": "minecraft:enchant_randomly",
              "enchantments": [
                "minecraft:soul_speed"
              ]
            }
          ],
          "name": "minecraft:book",
          "weight": 5
        },
        {
          "type": "minecraft:item",
          "functions": [
            {
              "function": "minecraft:enchant_randomly",
              "enchantments": [
                "minecraft:soul_speed"
              ]
            }
          ],
          "name": "minecraft:iron_boots",
          "weight": 8
        },
        {
          "type": "minecraft:item",
          "functions": [
            {
              "function": "minecraft:set_potion",
              "id": "minecraft:fire_resistance"
            }
          ],
          "name": "minecraft:potion",
          "weight": 8
        },
        {
          "type": "minecraft:item",
          "functions": [
            {
              "function": "minecraft:set_potion",
              "id": "minecraft:fire_resistance"
            }
          ],
          "name": "minecraft:splash_potion",
          "weight": 8
        },
        {
          "type": "minecraft:item",
          "functions": [
            {
              "function": "minecraft:set_potion",
              "id": "minecraft:water"
            }
          ],
          "name": "minecraft:potion",
          "weight": 10
        },
        {
          "type": "minecraft:item",
          "functions": [
            {
              "function": "minecraft:set_count",
              "count": {
                "min": 10,
                "max": 36
              }
            }
          ],
          "name": "minecraft:iron_nugget",
          "weight": 10
        },
        {
          "type": "minecraft:item",
          "functions": [
            {
              "function": "minecraft:set_count",
              "count": {
                "min": 2,
                "max": 4
              }
            }
          ],
          "name": "minecraft:ender_pearl",
          "weight": 10
        },
        {
          "type": "minecraft:item",
          "functions": [
            {
              "function": "minecraft:set_count",
              "count": {
                "min": 3,
                "max": 9
              }
            }
          ],
          "name": "minecraft:string",
          "weight": 20
        },
        {
          "type": "minecraft:item",
          "functions": [
            {
              "function": "minecraft:set_count",
              "count": {
                "min": 5,
                "max": 12
              }
            }
          ],
          "name": "minecraft:quartz",
          "weight": 20
        },
        {
          "type": "minecraft:item",
          "name": "minecraft:obsidian",
          "weight": 40
        },
        {
          "type": "minecraft:item",
          "functions": [
            {
              "function": "minecraft:set_count",
              "count": {
                "min": 1,
                "max": 3
              }
            }
          ],
          "name": "minecraft:crying_obsidian",
          "weight": 40
        },
        {
          "type": "minecraft:item",
          "name": "minecraft:fire_charge",
          "weight": 40
        },
        {
          "type": "minecraft:item",
          "functions": [
            {
              "function": "minecraft:set_count",
              "count": {
                "min": 2,
                "max": 4
              }
            }
          ],
          "name": "minecraft:leather",
          "weight": 40
        },
        {
          "type": "minecraft:item",
          "functions": [
            {
              "function": "minecraft:set_count",
              "count": {
                "min": 2,
                "max": 8
              }
            }
          ],
          "name": "minecraft:soul_sand",
          "weight": 40
        },
        {
          "type": "minecraft:item",
          "functions": [
            {
              "function": "minecraft:set_count",
              "count": {
                "min": 2,
                "max": 8
              }
            }
          ],
          "name": "minecraft:nether_brick",
          "weight": 40
        },
        {
          "type": "minecraft:item",
          "functions": [
            {
              "function": "minecraft:set_count",
              "count": {
                "min": 6,
                "max": 12
              }
            }
          ],
          "name": "minecraft:spectral_arrow",
          "weight": 40
        },
        {
          "type": "minecraft:item",
          "functions": [
            {
              "function": "minecraft:set_count",
              "count": {
                "min": 8,
                "max": 16
              }
            }
          ],
          "name": "minecraft:gravel",
          "weight": 40
        },
        {
          "type": "minecraft:item",
          "functions": [
            {
              "function": "minecraft:set_count",
              "count": {
                "min": 8,
                "max": 16
              }
            }
          ],
          "name": "minecraft:blackstone",
          "weight": 40
        },
        {
          "type": "minecraft:item",
          "functions": [
            {
              "function": "minecraft:set_count",
              "count": {
                "min": 1,
                "max": 3
              }
            }
          ],
          "name": "minecraft:gilded_blackstone",
          "weight": 5
        }
      ],
      "random_sequence": "minecraft:gameplay/piglin_bartering"
    }
  ]
}
