{
  "parent": "skyblock:progression/the_end",
  "display": {
    "icon": {
      "item": "minecraft:chorus_flower"
    },
    "title": {
      "translate": "Who Planted This Here?"
    },
    "description": {
      "translate": "Use an End Gateway to generate an island containing Chorus"
    },
    "frame": "goal"
  },
  "criteria": {
    "has_chorus": {
      "trigger": "minecraft:inventory_changed",
      "conditions": {
        "items": [
          {
            "items": [
              "minecraft:chorus_flower",
              "minecraft:chorus_fruit"
            ]
          }
        ]
      }
    }
  }
}
