{
  "parent": "skyblock:progression/root",
  "display": {
    "icon": {
      "item": "minecraft:oak_log"
    },
    "title": {
      "translate": "The First of Many"
    },
    "description": {
      "translate": "Get your first Oak Log"
    }
  },
  "criteria": {
    "has_oak_log": {
      "trigger": "minecraft:inventory_changed",
      "conditions": {
        "items": [
          {
            "items": [
              "minecraft:oak_log"
            ]
          }
        ]
      }
    }
  }
}
