{
  "parent": "minecraft:recipes/root",
  "rewards": {
    "recipes": [
      "skyblock:diamond_horse_armor"
    ]
  },
  "criteria": {
    "has_diamond": {
      "trigger": "minecraft:inventory_changed",
      "conditions": {
        "items": [
          {
            "items": [
              "minecraft:diamond"
            ]
          }
        ]
      }
    },
    "has_the_recipe": {
      "trigger": "minecraft:recipe_unlocked",
      "conditions": {
        "recipe": "skyblock:diamond_horse_armor"
      }
    }
  },
  "requirements": [
    [
      "has_diamond",
      "has_the_recipe"
    ]
  ],
  "sends_telemetry_event": false
}
