{
  "type": "minecraft:gift",
  "pools": [
    {
      "rolls": 1,
      "entries": [
        {
          "type": "minecraft:item",
          "name": "minecraft:chainmail_helmet",
          "weight": 10
        },
        {
          "type": "minecraft:item",
          "name": "minecraft:chainmail_chestplate",
          "weight": 10
        },
        {
          "type": "minecraft:item",
          "name": "minecraft:chainmail_leggings",
          "weight": 10
        },
        {
          "type": "minecraft:item",
          "name": "minecraft:chainmail_boots",
          "weight": 10
        },
        {
          "type": "minecraft:item",
          "name": "minecraft:lava_bucket",
          "weight": 2
        }
      ]
    }
  ],
  "random_sequence": "minecraft:gameplay/hero_of_the_village/armorer_gift"
}
